/terms    /legal/terms.html     200
/privacy  /legal/privacy.html   200
/cookies  /legal/cookies.html   200
/contacts /legal/contacts.html  200
/thanks   /thanks.html   200
/sitemap   /sitemap.xml   200
/returns   /legal/returns.html     200
/cookie-settings  /legal/cookie-settings.html 200